sample_id,site,position,distance,month,replicate,seqround,numeric_id,well_location,area,locus,sec_index_name,pri_index_name,index_combo,sec_index_seq,pri_index_seq,primerF_seq,primerR_seq,insert_size,sec_index_start,file1,file2
PG_Al_15_Jul_A_r1,PG,Al,15,Jul,A,r1,39.1,A1,Halo,COI,Tag_2,Lib_E,Tag_2_Lib_E,ACAGCA,CAGATC,GGWACWGGWTGAACWGTWTAYCCYCC,TANACYTCNGGRTGNCCRAARAAYCA,313,4,lib5_S5_L001_R1_001.fastq,lib5_S5_L001_R2_001.fastq
PG_Al_15_Jul_B_r1,PG,Al,15,Jul,B,r1,39.2,A4,Halo,COI,Tag_3,Lib_C,Tag_3_Lib_C,GTCTCT,ACAGTG,GGWACWGGWTGAACWGTWTAYCCYCC,TANACYTCNGGRTGNCCRAARAAYCA,313,4,lib3_S3_L001_R1_001.fastq,lib3_S3_L001_R2_001.fastq
PG_Al_15_Jul_C_r1,PG,Al,15,Jul,C,r1,39.3,B7,Halo,COI,Tag_8,Lib_D,Tag_8_Lib_D,CTCGCA,GCCAAT,GGWACWGGWTGAACWGTWTAYCCYCC,TANACYTCNGGRTGNCCRAARAAYCA,313,4,lib4_S4_L001_R1_001.fastq,lib4_S4_L001_R2_001.fastq
PG_Ac_10_Jul_A_r1,PG,Ac,10,Jul,A,r1,40.1,B1,Halo,COI,Tag_8,Lib_A,Tag_8_Lib_A,CTCGCA,CGATGT,GGWACWGGWTGAACWGTWTAYCCYCC,TANACYTCNGGRTGNCCRAARAAYCA,313,4,lib1_S1_L001_R1_001.fastq,lib1_S1_L001_R2_001.fastq
PG_Ac_10_Jul_B_r1,PG,Ac,10,Jul,B,r1,40.2,B4,Halo,COI,Tag_7,Lib_A,Tag_7_Lib_A,ATATCG,CGATGT,GGWACWGGWTGAACWGTWTAYCCYCC,TANACYTCNGGRTGNCCRAARAAYCA,313,4,lib1_S1_L001_R1_001.fastq,lib1_S1_L001_R2_001.fastq
PG_Ac_10_Jul_C_r1,PG,Ac,10,Jul,C,r1,40.3,C7,Halo,COI,Tag_6,Lib_A,Tag_6_Lib_A,ACGACG,CGATGT,GGWACWGGWTGAACWGTWTAYCCYCC,TANACYTCNGGRTGNCCRAARAAYCA,313,4,lib1_S1_L001_R1_001.fastq,lib1_S1_L001_R2_001.fastq
PG_Al_6_Jul_A_r1,PG,Al,6,Jul,A,r1,41.1,C1,Halo,COI,Tag_10,Lib_A,Tag_10_Lib_A,TGTATG,CGATGT,GGWACWGGWTGAACWGTWTAYCCYCC,TANACYTCNGGRTGNCCRAARAAYCA,313,4,lib1_S1_L001_R1_001.fastq,lib1_S1_L001_R2_001.fastq
PG_Al_6_Jul_B_r1,PG,Al,6,Jul,B,r1,41.2,C4,Halo,COI,Tag_4,Lib_F,Tag_4_Lib_F,GCGCTC,CTTGTA,GGWACWGGWTGAACWGTWTAYCCYCC,TANACYTCNGGRTGNCCRAARAAYCA,313,4,lib6_S6_L001_R1_001.fastq,lib6_S6_L001_R2_001.fastq
PG_Al_6_Jul_C_r1,PG,Al,6,Jul,C,r1,41.3,D7,Halo,COI,Tag_4,Lib_A,Tag_4_Lib_A,GCGCTC,CGATGT,GGWACWGGWTGAACWGTWTAYCCYCC,TANACYTCNGGRTGNCCRAARAAYCA,313,4,lib1_S1_L001_R1_001.fastq,lib1_S1_L001_R2_001.fastq
PG_Eg_0_Jul_A_r1,PG,Eg,0,Jul,A,r1,42.1,D1,Halo,COI,Tag_10,Lib_B,Tag_10_Lib_B,TGTATG,TGACCA,GGWACWGGWTGAACWGTWTAYCCYCC,TANACYTCNGGRTGNCCRAARAAYCA,313,4,lib2_S2_L001_R1_001.fastq,lib2_S2_L001_R2_001.fastq
PG_Eg_0_Jul_B_r1,PG,Eg,0,Jul,B,r1,42.2,D4,Halo,COI,Tag_1,Lib_B,Tag_1_Lib_B,ACACAC,TGACCA,GGWACWGGWTGAACWGTWTAYCCYCC,TANACYTCNGGRTGNCCRAARAAYCA,313,4,lib2_S2_L001_R1_001.fastq,lib2_S2_L001_R2_001.fastq
PG_Eg_0_Jul_C_r1,PG,Eg,0,Jul,C,r1,42.3,E7,Halo,COI,Tag_12,Lib_D,Tag_12_Lib_D,GATGAC,GCCAAT,GGWACWGGWTGAACWGTWTAYCCYCC,TANACYTCNGGRTGNCCRAARAAYCA,313,4,lib4_S4_L001_R1_001.fastq,lib4_S4_L001_R2_001.fastq
PG_Al_3_Jul_A_r1,PG,Al,3,Jul,A,r1,43.1,E1,Halo,COI,Tag_12,Lib_C,Tag_12_Lib_C,GATGAC,ACAGTG,GGWACWGGWTGAACWGTWTAYCCYCC,TANACYTCNGGRTGNCCRAARAAYCA,313,4,lib3_S3_L001_R1_001.fastq,lib3_S3_L001_R2_001.fastq
PG_Al_3_Jul_B_r1,PG,Al,3,Jul,B,r1,43.2,E4,Halo,COI,Tag_7,Lib_E,Tag_7_Lib_E,ATATCG,CAGATC,GGWACWGGWTGAACWGTWTAYCCYCC,TANACYTCNGGRTGNCCRAARAAYCA,313,4,lib5_S5_L001_R1_001.fastq,lib5_S5_L001_R2_001.fastq
PG_Al_3_Jul_C_r1,PG,Al,3,Jul,C,r1,43.3,F7,Halo,COI,Tag_3,Lib_E,Tag_3_Lib_E,GTCTCT,CAGATC,GGWACWGGWTGAACWGTWTAYCCYCC,TANACYTCNGGRTGNCCRAARAAYCA,313,4,lib5_S5_L001_R1_001.fastq,lib5_S5_L001_R2_001.fastq
PG_Al_10_Jul_A_r1,PG,Al,10,Jul,A,r1,44.1,F1,Halo,COI,Tag_9,Lib_E,Tag_9_Lib_E,TCGCAT,CAGATC,GGWACWGGWTGAACWGTWTAYCCYCC,TANACYTCNGGRTGNCCRAARAAYCA,313,4,lib5_S5_L001_R1_001.fastq,lib5_S5_L001_R2_001.fastq
PG_Al_10_Jul_B_r1,PG,Al,10,Jul,B,r1,44.2,F4,Halo,COI,Tag_5,Lib_A,Tag_5_Lib_A,ACATGT,CGATGT,GGWACWGGWTGAACWGTWTAYCCYCC,TANACYTCNGGRTGNCCRAARAAYCA,313,4,lib1_S1_L001_R1_001.fastq,lib1_S1_L001_R2_001.fastq
PG_Al_10_Jul_C_r1,PG,Al,10,Jul,C,r1,44.3,G7,Halo,COI,Tag_3,Lib_B,Tag_3_Lib_B,GTCTCT,TGACCA,GGWACWGGWTGAACWGTWTAYCCYCC,TANACYTCNGGRTGNCCRAARAAYCA,313,4,lib2_S2_L001_R1_001.fastq,lib2_S2_L001_R2_001.fastq
PG_Ac_3_Jul_A_r1,PG,Ac,3,Jul,A,r1,45.1,G1,Halo,COI,Tag_9,Lib_C,Tag_9_Lib_C,TCGCAT,ACAGTG,GGWACWGGWTGAACWGTWTAYCCYCC,TANACYTCNGGRTGNCCRAARAAYCA,313,4,lib3_S3_L001_R1_001.fastq,lib3_S3_L001_R2_001.fastq
PG_Ac_3_Jul_B_r1,PG,Ac,3,Jul,B,r1,45.2,G4,Halo,COI,Tag_5,Lib_D,Tag_5_Lib_D,ACATGT,GCCAAT,GGWACWGGWTGAACWGTWTAYCCYCC,TANACYTCNGGRTGNCCRAARAAYCA,313,4,lib4_S4_L001_R1_001.fastq,lib4_S4_L001_R2_001.fastq
PG_Ac_3_Jul_C_r1,PG,Ac,3,Jul,C,r1,45.3,H7,Halo,COI,Tag_10,Lib_C,Tag_10_Lib_C,TGTATG,ACAGTG,GGWACWGGWTGAACWGTWTAYCCYCC,TANACYTCNGGRTGNCCRAARAAYCA,313,4,lib3_S3_L001_R1_001.fastq,lib3_S3_L001_R2_001.fastq
PG_Al_1_Jul_A_r1,PG,Al,1,Jul,A,r1,46.1,H1,Halo,COI,Tag_8,Lib_F,Tag_8_Lib_F,CTCGCA,CTTGTA,GGWACWGGWTGAACWGTWTAYCCYCC,TANACYTCNGGRTGNCCRAARAAYCA,313,4,lib6_S6_L001_R1_001.fastq,lib6_S6_L001_R2_001.fastq
PG_Al_1_Jul_B_r1,PG,Al,1,Jul,B,r1,46.2,A5,Halo,COI,Tag_4,Lib_E,Tag_4_Lib_E,GCGCTC,CAGATC,GGWACWGGWTGAACWGTWTAYCCYCC,TANACYTCNGGRTGNCCRAARAAYCA,313,4,lib5_S5_L001_R1_001.fastq,lib5_S5_L001_R2_001.fastq
PG_Al_1_Jul_C_r1,PG,Al,1,Jul,C,r1,46.3,A8,Halo,COI,Tag_2,Lib_B,Tag_2_Lib_B,ACAGCA,TGACCA,GGWACWGGWTGAACWGTWTAYCCYCC,TANACYTCNGGRTGNCCRAARAAYCA,313,4,lib2_S2_L001_R1_001.fastq,lib2_S2_L001_R2_001.fastq
PG_Ba_50_Jul_A_r1,PG,Ba,50,Jul,A,r1,47.1,A2,Halo,COI,Tag_6,Lib_F,Tag_6_Lib_F,ACGACG,CTTGTA,GGWACWGGWTGAACWGTWTAYCCYCC,TANACYTCNGGRTGNCCRAARAAYCA,313,4,lib6_S6_L001_R1_001.fastq,lib6_S6_L001_R2_001.fastq
PG_Ba_50_Jul_B_r1,PG,Ba,50,Jul,B,r1,47.2,B5,Halo,COI,Tag_7,Lib_D,Tag_7_Lib_D,ATATCG,GCCAAT,GGWACWGGWTGAACWGTWTAYCCYCC,TANACYTCNGGRTGNCCRAARAAYCA,313,4,lib4_S4_L001_R1_001.fastq,lib4_S4_L001_R2_001.fastq
PG_Ba_50_Jul_C_r1,PG,Ba,50,Jul,C,r1,47.3,B8,Halo,COI,Tag_2,Lib_C,Tag_2_Lib_C,ACAGCA,ACAGTG,GGWACWGGWTGAACWGTWTAYCCYCC,TANACYTCNGGRTGNCCRAARAAYCA,313,4,lib3_S3_L001_R1_001.fastq,lib3_S3_L001_R2_001.fastq
PG_Ac_6_Jul_A_r1,PG,Ac,6,Jul,A,r1,48.1,B2,Halo,COI,Tag_6,Lib_E,Tag_6_Lib_E,ACGACG,CAGATC,GGWACWGGWTGAACWGTWTAYCCYCC,TANACYTCNGGRTGNCCRAARAAYCA,313,4,lib5_S5_L001_R1_001.fastq,lib5_S5_L001_R2_001.fastq
PG_Ac_6_Jul_B_r1,PG,Ac,6,Jul,B,r1,48.2,C5,Halo,COI,Tag_10,Lib_D,Tag_10_Lib_D,TGTATG,GCCAAT,GGWACWGGWTGAACWGTWTAYCCYCC,TANACYTCNGGRTGNCCRAARAAYCA,313,4,lib4_S4_L001_R1_001.fastq,lib4_S4_L001_R2_001.fastq
PG_Ac_6_Jul_C_r1,PG,Ac,6,Jul,C,r1,48.3,C8,Halo,COI,Tag_12,Lib_B,Tag_12_Lib_B,GATGAC,TGACCA,GGWACWGGWTGAACWGTWTAYCCYCC,TANACYTCNGGRTGNCCRAARAAYCA,313,4,lib2_S2_L001_R1_001.fastq,lib2_S2_L001_R2_001.fastq
PG_Ac_1_Jul_A_r1,PG,Ac,1,Jul,A,r1,49.1,C2,Halo,COI,Tag_5,Lib_F,Tag_5_Lib_F,ACATGT,CTTGTA,GGWACWGGWTGAACWGTWTAYCCYCC,TANACYTCNGGRTGNCCRAARAAYCA,313,4,lib6_S6_L001_R1_001.fastq,lib6_S6_L001_R2_001.fastq
PG_Ac_1_Jul_B_r1,PG,Ac,1,Jul,B,r1,49.2,D5,Halo,COI,Tag_2,Lib_D,Tag_2_Lib_D,ACAGCA,GCCAAT,GGWACWGGWTGAACWGTWTAYCCYCC,TANACYTCNGGRTGNCCRAARAAYCA,313,4,lib4_S4_L001_R1_001.fastq,lib4_S4_L001_R2_001.fastq
PG_Ac_1_Jul_C_r1,PG,Ac,1,Jul,C,r1,49.3,D8,Halo,COI,Tag_1,Lib_F,Tag_1_Lib_F,ACACAC,CTTGTA,GGWACWGGWTGAACWGTWTAYCCYCC,TANACYTCNGGRTGNCCRAARAAYCA,313,4,lib6_S6_L001_R1_001.fastq,lib6_S6_L001_R2_001.fastq
PG_Ac_15_Jul_A_r1,PG,Ac,15,Jul,A,r1,50.1,D2,Halo,COI,Tag_7,Lib_B,Tag_7_Lib_B,ATATCG,TGACCA,GGWACWGGWTGAACWGTWTAYCCYCC,TANACYTCNGGRTGNCCRAARAAYCA,313,4,lib2_S2_L001_R1_001.fastq,lib2_S2_L001_R2_001.fastq
PG_Ac_15_Jul_B_r1,PG,Ac,15,Jul,B,r1,50.2,E5,Halo,COI,Tag_6,Lib_B,Tag_6_Lib_B,ACGACG,TGACCA,GGWACWGGWTGAACWGTWTAYCCYCC,TANACYTCNGGRTGNCCRAARAAYCA,313,4,lib2_S2_L001_R1_001.fastq,lib2_S2_L001_R2_001.fastq
PG_Ac_15_Jul_C_r1,PG,Ac,15,Jul,C,r1,50.3,E8,Halo,COI,Tag_9,Lib_B,Tag_9_Lib_B,TCGCAT,TGACCA,GGWACWGGWTGAACWGTWTAYCCYCC,TANACYTCNGGRTGNCCRAARAAYCA,313,4,lib2_S2_L001_R1_001.fastq,lib2_S2_L001_R2_001.fastq
CI_Ac_15_Jul_A_r1,CI,Ac,15,Jul,A,r1,51.1,E2,Halo,COI,Tag_9,Lib_A,Tag_9_Lib_A,TCGCAT,CGATGT,GGWACWGGWTGAACWGTWTAYCCYCC,TANACYTCNGGRTGNCCRAARAAYCA,313,4,lib1_S1_L001_R1_001.fastq,lib1_S1_L001_R2_001.fastq
CI_Ac_15_Jul_B_r1,CI,Ac,15,Jul,B,r1,51.2,F5,Halo,COI,Tag_1,Lib_E,Tag_1_Lib_E,ACACAC,CAGATC,GGWACWGGWTGAACWGTWTAYCCYCC,TANACYTCNGGRTGNCCRAARAAYCA,313,4,lib5_S5_L001_R1_001.fastq,lib5_S5_L001_R2_001.fastq
CI_Ac_15_Jul_C_r1,CI,Ac,15,Jul,C,r1,51.3,F8,Halo,COI,Tag_11,Lib_E,Tag_11_Lib_E,GCAGTG,CAGATC,GGWACWGGWTGAACWGTWTAYCCYCC,TANACYTCNGGRTGNCCRAARAAYCA,313,4,lib5_S5_L001_R1_001.fastq,lib5_S5_L001_R2_001.fastq
CI_Al_3_Jul_A_r1,CI,Al,3,Jul,A,r1,52.1,F2,Halo,COI,Tag_3,Lib_A,Tag_3_Lib_A,GTCTCT,CGATGT,GGWACWGGWTGAACWGTWTAYCCYCC,TANACYTCNGGRTGNCCRAARAAYCA,313,4,lib1_S1_L001_R1_001.fastq,lib1_S1_L001_R2_001.fastq
CI_Al_3_Jul_B_r1,CI,Al,3,Jul,B,r1,52.2,G5,Halo,COI,Tag_11,Lib_B,Tag_11_Lib_B,GCAGTG,TGACCA,GGWACWGGWTGAACWGTWTAYCCYCC,TANACYTCNGGRTGNCCRAARAAYCA,313,4,lib2_S2_L001_R1_001.fastq,lib2_S2_L001_R2_001.fastq
CI_Al_3_Jul_C_r1,CI,Al,3,Jul,C,r1,52.3,G8,Halo,COI,Tag_9,Lib_D,Tag_9_Lib_D,TCGCAT,GCCAAT,GGWACWGGWTGAACWGTWTAYCCYCC,TANACYTCNGGRTGNCCRAARAAYCA,313,4,lib4_S4_L001_R1_001.fastq,lib4_S4_L001_R2_001.fastq
CI_Eg_0_Jul_A_r1,CI,Eg,0,Jul,A,r1,53.1,G2,Halo,COI,Tag_1,Lib_D,Tag_1_Lib_D,ACACAC,GCCAAT,GGWACWGGWTGAACWGTWTAYCCYCC,TANACYTCNGGRTGNCCRAARAAYCA,313,4,lib4_S4_L001_R1_001.fastq,lib4_S4_L001_R2_001.fastq
CI_Eg_0_Jul_B_r1,CI,Eg,0,Jul,B,r1,53.2,H5,Halo,COI,Tag_12,Lib_A,Tag_12_Lib_A,GATGAC,CGATGT,GGWACWGGWTGAACWGTWTAYCCYCC,TANACYTCNGGRTGNCCRAARAAYCA,313,4,lib1_S1_L001_R1_001.fastq,lib1_S1_L001_R2_001.fastq
CI_Eg_0_Jul_C_r1,CI,Eg,0,Jul,C,r1,53.3,A9,Halo,COI,Tag_2,Lib_F,Tag_2_Lib_F,ACAGCA,CTTGTA,GGWACWGGWTGAACWGTWTAYCCYCC,TANACYTCNGGRTGNCCRAARAAYCA,313,4,lib6_S6_L001_R1_001.fastq,lib6_S6_L001_R2_001.fastq
CI_Ac_10_Jul_A_r1,CI,Ac,10,Jul,A,r1,54.1,H2,Halo,COI,Tag_4,Lib_B,Tag_4_Lib_B,GCGCTC,TGACCA,GGWACWGGWTGAACWGTWTAYCCYCC,TANACYTCNGGRTGNCCRAARAAYCA,313,4,lib2_S2_L001_R1_001.fastq,lib2_S2_L001_R2_001.fastq
CI_Ac_10_Jul_B_r1,CI,Ac,10,Jul,B,r1,54.2,A6,Halo,COI,Tag_10,Lib_F,Tag_10_Lib_F,TGTATG,CTTGTA,GGWACWGGWTGAACWGTWTAYCCYCC,TANACYTCNGGRTGNCCRAARAAYCA,313,4,lib6_S6_L001_R1_001.fastq,lib6_S6_L001_R2_001.fastq
CI_Ac_10_Jul_C_r1,CI,Ac,10,Jul,C,r1,54.3,B9,Halo,COI,Tag_11,Lib_C,Tag_11_Lib_C,GCAGTG,ACAGTG,GGWACWGGWTGAACWGTWTAYCCYCC,TANACYTCNGGRTGNCCRAARAAYCA,313,4,lib3_S3_L001_R1_001.fastq,lib3_S3_L001_R2_001.fastq
CI_Ac_3_Jul_A_r1,CI,Ac,3,Jul,A,r1,55.1,A3,Halo,COI,Tag_4,Lib_C,Tag_4_Lib_C,GCGCTC,ACAGTG,GGWACWGGWTGAACWGTWTAYCCYCC,TANACYTCNGGRTGNCCRAARAAYCA,313,4,lib3_S3_L001_R1_001.fastq,lib3_S3_L001_R2_001.fastq
CI_Ac_3_Jul_B_r1,CI,Ac,3,Jul,B,r1,55.2,B6,Halo,COI,Tag_12,Lib_E,Tag_12_Lib_E,GATGAC,CAGATC,GGWACWGGWTGAACWGTWTAYCCYCC,TANACYTCNGGRTGNCCRAARAAYCA,313,4,lib5_S5_L001_R1_001.fastq,lib5_S5_L001_R2_001.fastq
CI_Ac_3_Jul_C_r1,CI,Ac,3,Jul,C,r1,55.3,C9,Halo,COI,Tag_8,Lib_B,Tag_8_Lib_B,CTCGCA,TGACCA,GGWACWGGWTGAACWGTWTAYCCYCC,TANACYTCNGGRTGNCCRAARAAYCA,313,4,lib2_S2_L001_R1_001.fastq,lib2_S2_L001_R2_001.fastq
CI_Al_1_Jul_A_r1,CI,Al,1,Jul,A,r1,56.1,B3,Halo,COI,Tag_10,Lib_E,Tag_10_Lib_E,TGTATG,CAGATC,GGWACWGGWTGAACWGTWTAYCCYCC,TANACYTCNGGRTGNCCRAARAAYCA,313,4,lib5_S5_L001_R1_001.fastq,lib5_S5_L001_R2_001.fastq
CI_Al_1_Jul_B_r1,CI,Al,1,Jul,B,r1,56.2,C6,Halo,COI,Tag_2,Lib_A,Tag_2_Lib_A,ACAGCA,CGATGT,GGWACWGGWTGAACWGTWTAYCCYCC,TANACYTCNGGRTGNCCRAARAAYCA,313,4,lib1_S1_L001_R1_001.fastq,lib1_S1_L001_R2_001.fastq
CI_Al_1_Jul_C_r1,CI,Al,1,Jul,C,r1,56.3,D9,Halo,COI,Tag_12,Lib_F,Tag_12_Lib_F,GATGAC,CTTGTA,GGWACWGGWTGAACWGTWTAYCCYCC,TANACYTCNGGRTGNCCRAARAAYCA,313,4,lib6_S6_L001_R1_001.fastq,lib6_S6_L001_R2_001.fastq
CI_Ba_50_Jul_A_r1,CI,Ba,50,Jul,A,r1,57.1,C3,Halo,COI,Tag_11,Lib_D,Tag_11_Lib_D,GCAGTG,GCCAAT,GGWACWGGWTGAACWGTWTAYCCYCC,TANACYTCNGGRTGNCCRAARAAYCA,313,4,lib4_S4_L001_R1_001.fastq,lib4_S4_L001_R2_001.fastq
CI_Ba_50_Jul_B_r1,CI,Ba,50,Jul,B,r1,57.2,D6,Halo,COI,Tag_8,Lib_C,Tag_8_Lib_C,CTCGCA,ACAGTG,GGWACWGGWTGAACWGTWTAYCCYCC,TANACYTCNGGRTGNCCRAARAAYCA,313,4,lib3_S3_L001_R1_001.fastq,lib3_S3_L001_R2_001.fastq
CI_Ba_50_Jul_C_r1,CI,Ba,50,Jul,C,r1,57.3,E9,Halo,COI,Tag_6,Lib_D,Tag_6_Lib_D,ACGACG,GCCAAT,GGWACWGGWTGAACWGTWTAYCCYCC,TANACYTCNGGRTGNCCRAARAAYCA,313,4,lib4_S4_L001_R1_001.fastq,lib4_S4_L001_R2_001.fastq
CI_Ac_6_Jul_A_r1,CI,Ac,6,Jul,A,r1,58.1,D3,Halo,COI,Tag_5,Lib_E,Tag_5_Lib_E,ACATGT,CAGATC,GGWACWGGWTGAACWGTWTAYCCYCC,TANACYTCNGGRTGNCCRAARAAYCA,313,4,lib5_S5_L001_R1_001.fastq,lib5_S5_L001_R2_001.fastq
CI_Ac_6_Jul_B_r1,CI,Ac,6,Jul,B,r1,58.2,E6,Halo,COI,Tag_11,Lib_F,Tag_11_Lib_F,GCAGTG,CTTGTA,GGWACWGGWTGAACWGTWTAYCCYCC,TANACYTCNGGRTGNCCRAARAAYCA,313,4,lib6_S6_L001_R1_001.fastq,lib6_S6_L001_R2_001.fastq
CI_Ac_6_Jul_C_r1,CI,Ac,6,Jul,C,r1,58.3,F9,Halo,COI,Tag_1,Lib_A,Tag_1_Lib_A,ACACAC,CGATGT,GGWACWGGWTGAACWGTWTAYCCYCC,TANACYTCNGGRTGNCCRAARAAYCA,313,4,lib1_S1_L001_R1_001.fastq,lib1_S1_L001_R2_001.fastq
CI_Ac_1_Jul_A_r1,CI,Ac,1,Jul,A,r1,59.1,E3,Halo,COI,Tag_1,Lib_C,Tag_1_Lib_C,ACACAC,ACAGTG,GGWACWGGWTGAACWGTWTAYCCYCC,TANACYTCNGGRTGNCCRAARAAYCA,313,4,lib3_S3_L001_R1_001.fastq,lib3_S3_L001_R2_001.fastq
CI_Ac_1_Jul_B_r1,CI,Ac,1,Jul,B,r1,59.2,F6,Halo,COI,Tag_8,Lib_E,Tag_8_Lib_E,CTCGCA,CAGATC,GGWACWGGWTGAACWGTWTAYCCYCC,TANACYTCNGGRTGNCCRAARAAYCA,313,4,lib5_S5_L001_R1_001.fastq,lib5_S5_L001_R2_001.fastq
CI_Ac_1_Jul_C_r1,CI,Ac,1,Jul,C,r1,59.3,G9,Halo,COI,Tag_7,Lib_C,Tag_7_Lib_C,ATATCG,ACAGTG,GGWACWGGWTGAACWGTWTAYCCYCC,TANACYTCNGGRTGNCCRAARAAYCA,313,4,lib3_S3_L001_R1_001.fastq,lib3_S3_L001_R2_001.fastq
CI_Al_6_Jul_A_r1,CI,Al,6,Jul,A,r1,60.1,F3,Halo,COI,Tag_9,Lib_F,Tag_9_Lib_F,TCGCAT,CTTGTA,GGWACWGGWTGAACWGTWTAYCCYCC,TANACYTCNGGRTGNCCRAARAAYCA,313,4,lib6_S6_L001_R1_001.fastq,lib6_S6_L001_R2_001.fastq
CI_Al_6_Jul_B_r1,CI,Al,6,Jul,B,r1,60.2,G6,Halo,COI,Tag_7,Lib_F,Tag_7_Lib_F,ATATCG,CTTGTA,GGWACWGGWTGAACWGTWTAYCCYCC,TANACYTCNGGRTGNCCRAARAAYCA,313,4,lib6_S6_L001_R1_001.fastq,lib6_S6_L001_R2_001.fastq
CI_Al_6_Jul_C_r1,CI,Al,6,Jul,C,r1,60.3,H9,Halo,COI,Tag_3,Lib_D,Tag_3_Lib_D,GTCTCT,GCCAAT,GGWACWGGWTGAACWGTWTAYCCYCC,TANACYTCNGGRTGNCCRAARAAYCA,313,4,lib4_S4_L001_R1_001.fastq,lib4_S4_L001_R2_001.fastq
CI_Al_10_Jul_A_r1,CI,Al,10,Jul,A,r1,62.1,G3,Halo,COI,Tag_5,Lib_C,Tag_5_Lib_C,ACATGT,ACAGTG,GGWACWGGWTGAACWGTWTAYCCYCC,TANACYTCNGGRTGNCCRAARAAYCA,313,4,lib3_S3_L001_R1_001.fastq,lib3_S3_L001_R2_001.fastq
CI_Al_10_Jul_B_r1,CI,Al,10,Jul,B,r1,62.2,H6,Halo,COI,Tag_5,Lib_B,Tag_5_Lib_B,ACATGT,TGACCA,GGWACWGGWTGAACWGTWTAYCCYCC,TANACYTCNGGRTGNCCRAARAAYCA,313,4,lib2_S2_L001_R1_001.fastq,lib2_S2_L001_R2_001.fastq
CI_Al_10_Jul_C_r1,CI,Al,10,Jul,C,r1,62.3,A10,Halo,COI,Tag_11,Lib_A,Tag_11_Lib_A,GCAGTG,CGATGT,GGWACWGGWTGAACWGTWTAYCCYCC,TANACYTCNGGRTGNCCRAARAAYCA,313,4,lib1_S1_L001_R1_001.fastq,lib1_S1_L001_R2_001.fastq
NA_NA_NA_NA_A_r1,NA,NA,NA,NA,A,r1,O+.1,H3,Halo,COI,Tag_4,Lib_D,Tag_4_Lib_D,GCGCTC,GCCAAT,GGWACWGGWTGAACWGTWTAYCCYCC,TANACYTCNGGRTGNCCRAARAAYCA,313,4,lib4_S4_L001_R1_001.fastq,lib4_S4_L001_R2_001.fastq
NA_NA_NA_NA_B_r1,NA,NA,NA,NA,B,r1,O+.2,A7,Halo,COI,Tag_6,Lib_C,Tag_6_Lib_C,ACGACG,ACAGTG,GGWACWGGWTGAACWGTWTAYCCYCC,TANACYTCNGGRTGNCCRAARAAYCA,313,4,lib3_S3_L001_R1_001.fastq,lib3_S3_L001_R2_001.fastq
NA_NA_NA_NA_C_r1,NA,NA,NA,NA,C,r1,O+.3,B10,Halo,COI,Tag_3,Lib_F,Tag_3_Lib_F,GTCTCT,CTTGTA,GGWACWGGWTGAACWGTWTAYCCYCC,TANACYTCNGGRTGNCCRAARAAYCA,313,4,lib6_S6_L001_R1_001.fastq,lib6_S6_L001_R2_001.fastq