sample_id,site,position,distance,month,replicate,seqround,numeric_id,well_location,area,locus,sec_index_name,pri_index_name,index_combo,pri_index_seq,sec_index_seq,primerF_seq,primerR_seq,insert_size,sec_index_start,file1,file2
PG_Al_1_May_A_r3,PG,Al,1,May,A,r3,10.1,NA,Halo,COI,Tag_9,Lib_C,Lib_C_Tag_9,ACAGTG,TCGCAT,GGWACWGGWTGAACWGTWTAYCCYCC,TANACYTCNGGRTGNCCRAARAAYCA,313,4,Lib-C-EJP-ROUND3_S3_L001_R1_001.fastq,Lib-C-EJP-ROUND3_S3_L001_R2_001.fastq
PG_Al_3_May_A_r3,PG,Al,3,May,A,r3,2.1,NA,Halo,COI,Tag_9,Lib_B,Lib_B_Tag_9,TGACCA,TCGCAT,GGWACWGGWTGAACWGTWTAYCCYCC,TANACYTCNGGRTGNCCRAARAAYCA,313,4,Lib-B-EJP-ROUND3_S2_L001_R1_001.fastq,Lib-B-EJP-ROUND3_S2_L001_R2_001.fastq
PG_Al_6_May_A_r3,PG,Al,6,May,A,r3,5.1,NA,Halo,COI,Tag_2,Lib_E,Lib_E_Tag_2,CAGATC,ACAGCA,GGWACWGGWTGAACWGTWTAYCCYCC,TANACYTCNGGRTGNCCRAARAAYCA,313,4,Lib-E-EJP-ROUND3_S5_L001_R1_001.fastq,Lib-E-EJP-ROUND3_S5_L001_R2_001.fastq
PG_Al_10_May_A_r3,PG,Al,10,May,A,r3,4.1,NA,Halo,COI,Tag_4,Lib_F,Lib_F_Tag_4,CTTGTA,GCGCTC,GGWACWGGWTGAACWGTWTAYCCYCC,TANACYTCNGGRTGNCCRAARAAYCA,313,4,Lib-F-EJP-ROUND3_S6_L001_R1_001.fastq,Lib-F-EJP-ROUND3_S6_L001_R2_001.fastq
PG_Al_15_May_A_r3,PG,Al,15,May,A,r3,11.1,NA,Halo,COI,Tag_9,Lib_D,Lib_D_Tag_9,GCCAAT,TCGCAT,GGWACWGGWTGAACWGTWTAYCCYCC,TANACYTCNGGRTGNCCRAARAAYCA,313,4,Lib-D-EJP-ROUND3_S4_L001_R1_001.fastq,Lib-D-EJP-ROUND3_S4_L001_R2_001.fastq
PG_Al_1_Aug_A_r3,PG,Al,1,Aug,A,r3,99.1,NA,Halo,COI,Tag_5,Lib_B,Lib_B_Tag_5,TGACCA,ACATGT,GGWACWGGWTGAACWGTWTAYCCYCC,TANACYTCNGGRTGNCCRAARAAYCA,313,4,Lib-B-EJP-ROUND3_S2_L001_R1_001.fastq,Lib-B-EJP-ROUND3_S2_L001_R2_001.fastq
PG_Al_3_Aug_A_r3,PG,Al,3,Aug,A,r3,97.1,NA,Halo,COI,Tag_2,Lib_G,Lib_G_Tag_2,AGTCAA,ACAGCA,GGWACWGGWTGAACWGTWTAYCCYCC,TANACYTCNGGRTGNCCRAARAAYCA,313,4,Lib-G-EJP-ROUND3_S7_L001_R1_001.fastq,Lib-G-EJP-ROUND3_S7_L001_R2_001.fastq
PG_Al_6_Aug_A_r3,PG,Al,6,Aug,A,r3,105.1,NA,Halo,COI,Tag_2,Lib_A,Lib_A_Tag_2,CGATGT,ACAGCA,GGWACWGGWTGAACWGTWTAYCCYCC,TANACYTCNGGRTGNCCRAARAAYCA,313,4,Lib-A-EJP-ROUND3_S1_L001_R1_001.fastq,Lib-A-EJP-ROUND3_S1_L001_R2_001.fastq
PG_Al_10_Aug_A_r3,PG,Al,10,Aug,A,r3,95.1,NA,Halo,COI,Tag_1,Lib_A,Lib_A_Tag_1,CGATGT,ACACAC,GGWACWGGWTGAACWGTWTAYCCYCC,TANACYTCNGGRTGNCCRAARAAYCA,313,4,Lib-A-EJP-ROUND3_S1_L001_R1_001.fastq,Lib-A-EJP-ROUND3_S1_L001_R2_001.fastq
PG_Al_15_Aug_A_r3,PG,Al,15,Aug,A,r3,100.1,NA,Halo,COI,Tag_7,Lib_F,Lib_F_Tag_7,CTTGTA,ATATCG,GGWACWGGWTGAACWGTWTAYCCYCC,TANACYTCNGGRTGNCCRAARAAYCA,313,4,Lib-F-EJP-ROUND3_S6_L001_R1_001.fastq,Lib-F-EJP-ROUND3_S6_L001_R2_001.fastq
CI_Al_1_May_A_r3,CI,Al,1,May,A,r3,20.1,NA,Halo,COI,Tag_8,Lib_F,Lib_F_Tag_8,CTTGTA,CTCGCA,GGWACWGGWTGAACWGTWTAYCCYCC,TANACYTCNGGRTGNCCRAARAAYCA,313,4,Lib-F-EJP-ROUND3_S6_L001_R1_001.fastq,Lib-F-EJP-ROUND3_S6_L001_R2_001.fastq
CI_Al_3_May_A_r3,CI,Al,3,May,A,r3,18.1,NA,Halo,COI,Tag_1,Lib_C,Lib_C_Tag_1,ACAGTG,ACACAC,GGWACWGGWTGAACWGTWTAYCCYCC,TANACYTCNGGRTGNCCRAARAAYCA,313,4,Lib-C-EJP-ROUND3_S3_L001_R1_001.fastq,Lib-C-EJP-ROUND3_S3_L001_R2_001.fastq
CI_Al_6_May_A_r3,CI,Al,6,May,A,r3,24.1,NA,Halo,COI,Tag_1,Lib_E,Lib_E_Tag_1,CAGATC,ACACAC,GGWACWGGWTGAACWGTWTAYCCYCC,TANACYTCNGGRTGNCCRAARAAYCA,313,4,Lib-E-EJP-ROUND3_S5_L001_R1_001.fastq,Lib-E-EJP-ROUND3_S5_L001_R2_001.fastq
CI_Al_10_May_A_r3,CI,Al,10,May,A,r3,21.1,NA,Halo,COI,Tag_9,Lib_G,Lib_G_Tag_9,AGTCAA,TCGCAT,GGWACWGGWTGAACWGTWTAYCCYCC,TANACYTCNGGRTGNCCRAARAAYCA,313,4,Lib-G-EJP-ROUND3_S7_L001_R1_001.fastq,Lib-G-EJP-ROUND3_S7_L001_R2_001.fastq
CI_Al_15_May_A_r3,CI,Al,15,May,A,r3,22.1,NA,Halo,COI,Tag_3,Lib_F,Lib_F_Tag_3,CTTGTA,GTCTCT,GGWACWGGWTGAACWGTWTAYCCYCC,TANACYTCNGGRTGNCCRAARAAYCA,313,4,Lib-F-EJP-ROUND3_S6_L001_R1_001.fastq,Lib-F-EJP-ROUND3_S6_L001_R2_001.fastq
CI_Al_1_Aug_A_r3,CI,Al,1,Aug,A,r3,108.1,NA,Halo,COI,Tag_4,Lib_A,Lib_A_Tag_4,CGATGT,GCGCTC,GGWACWGGWTGAACWGTWTAYCCYCC,TANACYTCNGGRTGNCCRAARAAYCA,313,4,Lib-A-EJP-ROUND3_S1_L001_R1_001.fastq,Lib-A-EJP-ROUND3_S1_L001_R2_001.fastq
CI_Al_3_Aug_A_r3,CI,Al,3,Aug,A,r3,113.1,NA,Halo,COI,Tag_2,Lib_D,Lib_D_Tag_2,GCCAAT,ACAGCA,GGWACWGGWTGAACWGTWTAYCCYCC,TANACYTCNGGRTGNCCRAARAAYCA,313,4,Lib-D-EJP-ROUND3_S4_L001_R1_001.fastq,Lib-D-EJP-ROUND3_S4_L001_R2_001.fastq
CI_Al_6_Aug_A_r3,CI,Al,6,Aug,A,r3,111.1,NA,Halo,COI,Tag_1,Lib_B,Lib_B_Tag_1,TGACCA,ACACAC,GGWACWGGWTGAACWGTWTAYCCYCC,TANACYTCNGGRTGNCCRAARAAYCA,313,4,Lib-B-EJP-ROUND3_S2_L001_R1_001.fastq,Lib-B-EJP-ROUND3_S2_L001_R2_001.fastq
CI_Al_10_Aug_A_r3,CI,Al,10,Aug,A,r3,117.1,NA,Halo,COI,Tag_7,Lib_G,Lib_G_Tag_7,AGTCAA,ATATCG,GGWACWGGWTGAACWGTWTAYCCYCC,TANACYTCNGGRTGNCCRAARAAYCA,313,4,Lib-G-EJP-ROUND3_S7_L001_R1_001.fastq,Lib-G-EJP-ROUND3_S7_L001_R2_001.fastq
CI_Al_15_Aug_A_r3,CI,Al,15,Aug,A,r3,115.1,NA,Halo,COI,Tag_5,Lib_C,Lib_C_Tag_5,ACAGTG,ACATGT,GGWACWGGWTGAACWGTWTAYCCYCC,TANACYTCNGGRTGNCCRAARAAYCA,313,4,Lib-C-EJP-ROUND3_S3_L001_R1_001.fastq,Lib-C-EJP-ROUND3_S3_L001_R2_001.fastq
NA_NA_NA_NA_A_r3,NA,NA,NA,NA,A,r3,K+.1,NA,Halo,COI,Tag_5,Lib_A,Lib_A_Tag_5,CGATGT,ACATGT,GGWACWGGWTGAACWGTWTAYCCYCC,TANACYTCNGGRTGNCCRAARAAYCA,313,4,Lib-A-EJP-ROUND3_S1_L001_R1_001.fastq,Lib-A-EJP-ROUND3_S1_L001_R2_001.fastq
PG_Al_1_May_B_r3,PG,Al,1,May,B,r3,10.2,NA,Halo,COI,Tag_8,Lib_C,Lib_C_Tag_8,ACAGTG,CTCGCA,GGWACWGGWTGAACWGTWTAYCCYCC,TANACYTCNGGRTGNCCRAARAAYCA,313,4,Lib-C-EJP-ROUND3_S3_L001_R1_001.fastq,Lib-C-EJP-ROUND3_S3_L001_R2_001.fastq
PG_Al_3_May_B_r3,PG,Al,3,May,B,r3,2.2,NA,Halo,COI,Tag_9,Lib_A,Lib_A_Tag_9,CGATGT,TCGCAT,GGWACWGGWTGAACWGTWTAYCCYCC,TANACYTCNGGRTGNCCRAARAAYCA,313,4,Lib-A-EJP-ROUND3_S1_L001_R1_001.fastq,Lib-A-EJP-ROUND3_S1_L001_R2_001.fastq
PG_Al_6_May_B_r3,PG,Al,6,May,B,r3,5.2,NA,Halo,COI,Tag_3,Lib_D,Lib_D_Tag_3,GCCAAT,GTCTCT,GGWACWGGWTGAACWGTWTAYCCYCC,TANACYTCNGGRTGNCCRAARAAYCA,313,4,Lib-D-EJP-ROUND3_S4_L001_R1_001.fastq,Lib-D-EJP-ROUND3_S4_L001_R2_001.fastq
PG_Al_10_May_B_r3,PG,Al,10,May,B,r3,4.2,NA,Halo,COI,Tag_8,Lib_G,Lib_G_Tag_8,AGTCAA,CTCGCA,GGWACWGGWTGAACWGTWTAYCCYCC,TANACYTCNGGRTGNCCRAARAAYCA,313,4,Lib-G-EJP-ROUND3_S7_L001_R1_001.fastq,Lib-G-EJP-ROUND3_S7_L001_R2_001.fastq
PG_Al_15_May_B_r3,PG,Al,15,May,B,r3,11.2,NA,Halo,COI,Tag_9,Lib_F,Lib_F_Tag_9,CTTGTA,TCGCAT,GGWACWGGWTGAACWGTWTAYCCYCC,TANACYTCNGGRTGNCCRAARAAYCA,313,4,Lib-F-EJP-ROUND3_S6_L001_R1_001.fastq,Lib-F-EJP-ROUND3_S6_L001_R2_001.fastq
PG_Al_1_Aug_B_r3,PG,Al,1,Aug,B,r3,99.2,NA,Halo,COI,Tag_3,Lib_C,Lib_C_Tag_3,ACAGTG,GTCTCT,GGWACWGGWTGAACWGTWTAYCCYCC,TANACYTCNGGRTGNCCRAARAAYCA,313,4,Lib-C-EJP-ROUND3_S3_L001_R1_001.fastq,Lib-C-EJP-ROUND3_S3_L001_R2_001.fastq
PG_Al_3_Aug_B_r3,PG,Al,3,Aug,B,r3,97.2,NA,Halo,COI,Tag_6,Lib_D,Lib_D_Tag_6,GCCAAT,ACGACG,GGWACWGGWTGAACWGTWTAYCCYCC,TANACYTCNGGRTGNCCRAARAAYCA,313,4,Lib-D-EJP-ROUND3_S4_L001_R1_001.fastq,Lib-D-EJP-ROUND3_S4_L001_R2_001.fastq
PG_Al_6_Aug_B_r3,PG,Al,6,Aug,B,r3,105.2,NA,Halo,COI,Tag_4,Lib_B,Lib_B_Tag_4,TGACCA,GCGCTC,GGWACWGGWTGAACWGTWTAYCCYCC,TANACYTCNGGRTGNCCRAARAAYCA,313,4,Lib-B-EJP-ROUND3_S2_L001_R1_001.fastq,Lib-B-EJP-ROUND3_S2_L001_R2_001.fastq
PG_Al_10_Aug_B_r3,PG,Al,10,Aug,B,r3,95.2,NA,Halo,COI,Tag_4,Lib_E,Lib_E_Tag_4,CAGATC,GCGCTC,GGWACWGGWTGAACWGTWTAYCCYCC,TANACYTCNGGRTGNCCRAARAAYCA,313,4,Lib-E-EJP-ROUND3_S5_L001_R1_001.fastq,Lib-E-EJP-ROUND3_S5_L001_R2_001.fastq
PG_Al_15_Aug_B_r3,PG,Al,15,Aug,B,r3,100.2,NA,Halo,COI,Tag_1,Lib_F,Lib_F_Tag_1,CTTGTA,ACACAC,GGWACWGGWTGAACWGTWTAYCCYCC,TANACYTCNGGRTGNCCRAARAAYCA,313,4,Lib-F-EJP-ROUND3_S6_L001_R1_001.fastq,Lib-F-EJP-ROUND3_S6_L001_R2_001.fastq
CI_Al_1_May_B_r3,CI,Al,1,May,B,r3,20.2,NA,Halo,COI,Tag_8,Lib_A,Lib_A_Tag_8,CGATGT,CTCGCA,GGWACWGGWTGAACWGTWTAYCCYCC,TANACYTCNGGRTGNCCRAARAAYCA,313,4,Lib-A-EJP-ROUND3_S1_L001_R1_001.fastq,Lib-A-EJP-ROUND3_S1_L001_R2_001.fastq
CI_Al_3_May_B_r3,CI,Al,3,May,B,r3,18.2,NA,Halo,COI,Tag_7,Lib_A,Lib_A_Tag_7,CGATGT,ATATCG,GGWACWGGWTGAACWGTWTAYCCYCC,TANACYTCNGGRTGNCCRAARAAYCA,313,4,Lib-A-EJP-ROUND3_S1_L001_R1_001.fastq,Lib-A-EJP-ROUND3_S1_L001_R2_001.fastq
CI_Al_6_May_B_r3,CI,Al,6,May,B,r3,24.2,NA,Halo,COI,Tag_6,Lib_G,Lib_G_Tag_6,AGTCAA,ACGACG,GGWACWGGWTGAACWGTWTAYCCYCC,TANACYTCNGGRTGNCCRAARAAYCA,313,4,Lib-G-EJP-ROUND3_S7_L001_R1_001.fastq,Lib-G-EJP-ROUND3_S7_L001_R2_001.fastq
CI_Al_10_May_B_r3,CI,Al,10,May,B,r3,21.2,NA,Halo,COI,Tag_6,Lib_C,Lib_C_Tag_6,ACAGTG,ACGACG,GGWACWGGWTGAACWGTWTAYCCYCC,TANACYTCNGGRTGNCCRAARAAYCA,313,4,Lib-C-EJP-ROUND3_S3_L001_R1_001.fastq,Lib-C-EJP-ROUND3_S3_L001_R2_001.fastq
CI_Al_15_May_B_r3,CI,Al,15,May,B,r3,22.2,NA,Halo,COI,Tag_5,Lib_G,Lib_G_Tag_5,AGTCAA,ACATGT,GGWACWGGWTGAACWGTWTAYCCYCC,TANACYTCNGGRTGNCCRAARAAYCA,313,4,Lib-G-EJP-ROUND3_S7_L001_R1_001.fastq,Lib-G-EJP-ROUND3_S7_L001_R2_001.fastq
CI_Al_1_Aug_B_r3,CI,Al,1,Aug,B,r3,108.2,NA,Halo,COI,Tag_4,Lib_D,Lib_D_Tag_4,GCCAAT,GCGCTC,GGWACWGGWTGAACWGTWTAYCCYCC,TANACYTCNGGRTGNCCRAARAAYCA,313,4,Lib-D-EJP-ROUND3_S4_L001_R1_001.fastq,Lib-D-EJP-ROUND3_S4_L001_R2_001.fastq
CI_Al_3_Aug_B_r3,CI,Al,3,Aug,B,r3,113.2,NA,Halo,COI,Tag_4,Lib_G,Lib_G_Tag_4,AGTCAA,GCGCTC,GGWACWGGWTGAACWGTWTAYCCYCC,TANACYTCNGGRTGNCCRAARAAYCA,313,4,Lib-G-EJP-ROUND3_S7_L001_R1_001.fastq,Lib-G-EJP-ROUND3_S7_L001_R2_001.fastq
CI_Al_6_Aug_B_r3,CI,Al,6,Aug,B,r3,111.2,NA,Halo,COI,Tag_8,Lib_E,Lib_E_Tag_8,CAGATC,CTCGCA,GGWACWGGWTGAACWGTWTAYCCYCC,TANACYTCNGGRTGNCCRAARAAYCA,313,4,Lib-E-EJP-ROUND3_S5_L001_R1_001.fastq,Lib-E-EJP-ROUND3_S5_L001_R2_001.fastq
CI_Al_10_Aug_B_r3,CI,Al,10,Aug,B,r3,117.2,NA,Halo,COI,Tag_3,Lib_G,Lib_G_Tag_3,AGTCAA,GTCTCT,GGWACWGGWTGAACWGTWTAYCCYCC,TANACYTCNGGRTGNCCRAARAAYCA,313,4,Lib-G-EJP-ROUND3_S7_L001_R1_001.fastq,Lib-G-EJP-ROUND3_S7_L001_R2_001.fastq
CI_Al_15_Aug_B_r3,CI,Al,15,Aug,B,r3,115.2,NA,Halo,COI,Tag_6,Lib_A,Lib_A_Tag_6,CGATGT,ACGACG,GGWACWGGWTGAACWGTWTAYCCYCC,TANACYTCNGGRTGNCCRAARAAYCA,313,4,Lib-A-EJP-ROUND3_S1_L001_R1_001.fastq,Lib-A-EJP-ROUND3_S1_L001_R2_001.fastq
NA_NA_NA_NA_B_r3,NA,NA,NA,NA,B,r3,K+.2,NA,Halo,COI,Tag_5,Lib_E,Lib_E_Tag_5,CAGATC,ACATGT,GGWACWGGWTGAACWGTWTAYCCYCC,TANACYTCNGGRTGNCCRAARAAYCA,313,4,Lib-E-EJP-ROUND3_S5_L001_R1_001.fastq,Lib-E-EJP-ROUND3_S5_L001_R2_001.fastq
PG_Al_1_May_C_r3,PG,Al,1,May,C,r3,10.3,NA,Halo,COI,Tag_8,Lib_D,Lib_D_Tag_8,GCCAAT,CTCGCA,GGWACWGGWTGAACWGTWTAYCCYCC,TANACYTCNGGRTGNCCRAARAAYCA,313,4,Lib-D-EJP-ROUND3_S4_L001_R1_001.fastq,Lib-D-EJP-ROUND3_S4_L001_R2_001.fastq
PG_Al_3_May_C_r3,PG,Al,3,May,C,r3,2.3,NA,Halo,COI,Tag_3,Lib_E,Lib_E_Tag_3,CAGATC,GTCTCT,GGWACWGGWTGAACWGTWTAYCCYCC,TANACYTCNGGRTGNCCRAARAAYCA,313,4,Lib-E-EJP-ROUND3_S5_L001_R1_001.fastq,Lib-E-EJP-ROUND3_S5_L001_R2_001.fastq
PG_Al_6_May_C_r3,PG,Al,6,May,C,r3,5.3,NA,Halo,COI,Tag_8,Lib_B,Lib_B_Tag_8,TGACCA,CTCGCA,GGWACWGGWTGAACWGTWTAYCCYCC,TANACYTCNGGRTGNCCRAARAAYCA,313,4,Lib-B-EJP-ROUND3_S2_L001_R1_001.fastq,Lib-B-EJP-ROUND3_S2_L001_R2_001.fastq
PG_Al_10_May_C_r3,PG,Al,10,May,C,r3,4.3,NA,Halo,COI,Tag_9,Lib_E,Lib_E_Tag_9,CAGATC,TCGCAT,GGWACWGGWTGAACWGTWTAYCCYCC,TANACYTCNGGRTGNCCRAARAAYCA,313,4,Lib-E-EJP-ROUND3_S5_L001_R1_001.fastq,Lib-E-EJP-ROUND3_S5_L001_R2_001.fastq
PG_Al_15_May_C_r3,PG,Al,15,May,C,r3,11.3,NA,Halo,COI,Tag_2,Lib_B,Lib_B_Tag_2,TGACCA,ACAGCA,GGWACWGGWTGAACWGTWTAYCCYCC,TANACYTCNGGRTGNCCRAARAAYCA,313,4,Lib-B-EJP-ROUND3_S2_L001_R1_001.fastq,Lib-B-EJP-ROUND3_S2_L001_R2_001.fastq
PG_Al_1_Aug_C_r3,PG,Al,1,Aug,C,r3,99.3,NA,Halo,COI,Tag_5,Lib_D,Lib_D_Tag_5,GCCAAT,ACATGT,GGWACWGGWTGAACWGTWTAYCCYCC,TANACYTCNGGRTGNCCRAARAAYCA,313,4,Lib-D-EJP-ROUND3_S4_L001_R1_001.fastq,Lib-D-EJP-ROUND3_S4_L001_R2_001.fastq
PG_Al_3_Aug_C_r3,PG,Al,3,Aug,C,r3,97.3,NA,Halo,COI,Tag_7,Lib_D,Lib_D_Tag_7,GCCAAT,ATATCG,GGWACWGGWTGAACWGTWTAYCCYCC,TANACYTCNGGRTGNCCRAARAAYCA,313,4,Lib-D-EJP-ROUND3_S4_L001_R1_001.fastq,Lib-D-EJP-ROUND3_S4_L001_R2_001.fastq
PG_Al_6_Aug_C_r3,PG,Al,6,Aug,C,r3,105.3,NA,Halo,COI,Tag_2,Lib_F,Lib_F_Tag_2,CTTGTA,ACAGCA,GGWACWGGWTGAACWGTWTAYCCYCC,TANACYTCNGGRTGNCCRAARAAYCA,313,4,Lib-F-EJP-ROUND3_S6_L001_R1_001.fastq,Lib-F-EJP-ROUND3_S6_L001_R2_001.fastq
PG_Al_10_Aug_C_r3,PG,Al,10,Aug,C,r3,95.3,NA,Halo,COI,Tag_3,Lib_B,Lib_B_Tag_3,TGACCA,GTCTCT,GGWACWGGWTGAACWGTWTAYCCYCC,TANACYTCNGGRTGNCCRAARAAYCA,313,4,Lib-B-EJP-ROUND3_S2_L001_R1_001.fastq,Lib-B-EJP-ROUND3_S2_L001_R2_001.fastq
PG_Al_15_Aug_C_r3,PG,Al,15,Aug,C,r3,100.3,NA,Halo,COI,Tag_1,Lib_D,Lib_D_Tag_1,GCCAAT,ACACAC,GGWACWGGWTGAACWGTWTAYCCYCC,TANACYTCNGGRTGNCCRAARAAYCA,313,4,Lib-D-EJP-ROUND3_S4_L001_R1_001.fastq,Lib-D-EJP-ROUND3_S4_L001_R2_001.fastq
CI_Al_1_May_C_r3,CI,Al,1,May,C,r3,20.3,NA,Halo,COI,Tag_7,Lib_E,Lib_E_Tag_7,CAGATC,ATATCG,GGWACWGGWTGAACWGTWTAYCCYCC,TANACYTCNGGRTGNCCRAARAAYCA,313,4,Lib-E-EJP-ROUND3_S5_L001_R1_001.fastq,Lib-E-EJP-ROUND3_S5_L001_R2_001.fastq
CI_Al_3_May_C_r3,CI,Al,3,May,C,r3,18.3,NA,Halo,COI,Tag_2,Lib_C,Lib_C_Tag_2,ACAGTG,ACAGCA,GGWACWGGWTGAACWGTWTAYCCYCC,TANACYTCNGGRTGNCCRAARAAYCA,313,4,Lib-C-EJP-ROUND3_S3_L001_R1_001.fastq,Lib-C-EJP-ROUND3_S3_L001_R2_001.fastq
CI_Al_6_May_C_r3,CI,Al,6,May,C,r3,24.3,NA,Halo,COI,Tag_6,Lib_F,Lib_F_Tag_6,CTTGTA,ACGACG,GGWACWGGWTGAACWGTWTAYCCYCC,TANACYTCNGGRTGNCCRAARAAYCA,313,4,Lib-F-EJP-ROUND3_S6_L001_R1_001.fastq,Lib-F-EJP-ROUND3_S6_L001_R2_001.fastq
CI_Al_10_May_C_r3,CI,Al,10,May,C,r3,21.3,NA,Halo,COI,Tag_7,Lib_C,Lib_C_Tag_7,ACAGTG,ATATCG,GGWACWGGWTGAACWGTWTAYCCYCC,TANACYTCNGGRTGNCCRAARAAYCA,313,4,Lib-C-EJP-ROUND3_S3_L001_R1_001.fastq,Lib-C-EJP-ROUND3_S3_L001_R2_001.fastq
CI_Al_15_May_C_r3,CI,Al,15,May,C,r3,22.3,NA,Halo,COI,Tag_3,Lib_A,Lib_A_Tag_3,CGATGT,GTCTCT,GGWACWGGWTGAACWGTWTAYCCYCC,TANACYTCNGGRTGNCCRAARAAYCA,313,4,Lib-A-EJP-ROUND3_S1_L001_R1_001.fastq,Lib-A-EJP-ROUND3_S1_L001_R2_001.fastq
CI_Al_1_Aug_C_r3,CI,Al,1,Aug,C,r3,108.3,NA,Halo,COI,Tag_6,Lib_E,Lib_E_Tag_6,CAGATC,ACGACG,GGWACWGGWTGAACWGTWTAYCCYCC,TANACYTCNGGRTGNCCRAARAAYCA,313,4,Lib-E-EJP-ROUND3_S5_L001_R1_001.fastq,Lib-E-EJP-ROUND3_S5_L001_R2_001.fastq
CI_Al_3_Aug_C_r3,CI,Al,3,Aug,C,r3,113.3,NA,Halo,COI,Tag_5,Lib_F,Lib_F_Tag_5,CTTGTA,ACATGT,GGWACWGGWTGAACWGTWTAYCCYCC,TANACYTCNGGRTGNCCRAARAAYCA,313,4,Lib-F-EJP-ROUND3_S6_L001_R1_001.fastq,Lib-F-EJP-ROUND3_S6_L001_R2_001.fastq
CI_Al_6_Aug_C_r3,CI,Al,6,Aug,C,r3,111.3,NA,Halo,COI,Tag_6,Lib_B,Lib_B_Tag_6,TGACCA,ACGACG,GGWACWGGWTGAACWGTWTAYCCYCC,TANACYTCNGGRTGNCCRAARAAYCA,313,4,Lib-B-EJP-ROUND3_S2_L001_R1_001.fastq,Lib-B-EJP-ROUND3_S2_L001_R2_001.fastq
CI_Al_10_Aug_C_r3,CI,Al,10,Aug,C,r3,117.3,NA,Halo,COI,Tag_4,Lib_C,Lib_C_Tag_4,ACAGTG,GCGCTC,GGWACWGGWTGAACWGTWTAYCCYCC,TANACYTCNGGRTGNCCRAARAAYCA,313,4,Lib-C-EJP-ROUND3_S3_L001_R1_001.fastq,Lib-C-EJP-ROUND3_S3_L001_R2_001.fastq
CI_Al_15_Aug_C_r3,CI,Al,15,Aug,C,r3,115.3,NA,Halo,COI,Tag_1,Lib_G,Lib_G_Tag_1,AGTCAA,ACACAC,GGWACWGGWTGAACWGTWTAYCCYCC,TANACYTCNGGRTGNCCRAARAAYCA,313,4,Lib-G-EJP-ROUND3_S7_L001_R1_001.fastq,Lib-G-EJP-ROUND3_S7_L001_R2_001.fastq
NA_NA_NA_NA_C_r3,NA,NA,NA,NA,C,r3,K+.3,NA,Halo,COI,Tag_7,Lib_B,Lib_B_Tag_7,TGACCA,ATATCG,GGWACWGGWTGAACWGTWTAYCCYCC,TANACYTCNGGRTGNCCRAARAAYCA,313,4,Lib-B-EJP-ROUND3_S2_L001_R1_001.fastq,Lib-B-EJP-ROUND3_S2_L001_R2_001.fastq